<?xml version="1.0" encoding="ISO8859-1" standalone="yes" ?>
<Root>
   <Type>"MMVII_Serialization"</Type>
   <Version>"0:0.0"</Version>
   <Data>
      <SetMesIm>
         <NameIm>"IMGP4169.JPG"</NameIm>
         <Measures>
            <el>
               <Name>"I-of-I"</Name>
               <Pt>475.161154787777321 516.404520623212079</Pt>
               <Sigma2>1 0 1</Sigma2>
            </el>
            <el>
               <Name>"u-of-You"</Name>
               <Pt>538.999416573275425 732.995393503311675</Pt>
               <Sigma2>1 0 1</Sigma2>
            </el>
            <el>
               <Name>"Acute"</Name>
               <Pt>475.850364860953221 802.548038024082189</Pt>
               <Sigma2>1 0 1</Sigma2>
            </el>
            <el>
               <Name>"Finger-1"</Name>
               <Pt>362.721106696891582 789.307120972098687</Pt>
               <Sigma2>1 0 1</Sigma2>
            </el>
            <el>
               <Name>"Stone-6"</Name>
               <Pt>706.139274179003905 741.525951210447488</Pt>
               <Sigma2>1 0 1</Sigma2>
            </el>
         </Measures>
      </SetMesIm>
   </Data>
</Root>
