<?xml version="1.0" encoding="ISO8859-1" standalone="yes" ?>
<Root>
   <Type>"MMVII_Serialization"</Type>
   <Version>"0:0.0"</Version>
   <Data>
      <InternalCalibration>
         <Name>"Calib-PerspCentral-Foc-28000_Cam-PENTAX_K5"</Name>
         <PixelFrame>
            <NbPix>1728 1152</NbPix>
         </PixelFrame>
         <Projection>"Stenope"</Projection>
         <Auxiliary>
            <SzBuffer>-1</SzBuffer>
            <Degree>3 1 1</Degree>
            <DegreeApproxInv>3 1 1</DegreeApproxInv>
         </Auxiliary>
         <PerfectProj>
            <F>2112.19496134122619</F>
            <PP>856.866902730829338 577.613558771481394</PP>
         </PerfectProj>
         <Distorsion>
            <Radial>
               <K1>-0.099311884161592</K1> <!--(X,Y) * (X^2+Y^2)-->
               <K2>0.105599456943292</K2> <!--(X,Y) * (X^2+Y^2)^2-->
               <K3>0.035385127051667</K3> <!--(X,Y) * (X^2+Y^2)^3-->
            </Radial>
            <Decentric>
               <p1>-0.00000008923787</p1> <!--(3X2+Y2,2XY)-->
               <p2>0.000000096643093</p2> <!--(2XY,X2+3Y2)-->
            </Decentric>
            <Polynomial>
               <b1>-0.000000896399711</b1> <!--(X,0)-->
               <b2>0.000000015373804</b2> <!--(Y,0)-->
            </Polynomial>
         </Distorsion>
         <Informations>
            <el>"Converted from MMV1"</el>
         </Informations>
      </InternalCalibration>
   </Data>
</Root>
