<?xml version="1.0" encoding="ISO8859-1" standalone="yes" ?>
<Root>
   <Type>"MMVII_Serialization"</Type>
   <Version>"0:0.0"</Version>
   <Data>
      <CameraPose>
         <NameImage>"IMGP4170.JPG"</NameImage>
         <NameInternalCalib>"Calib-PerspCentral-Foc-28000_Cam-PENTAX_K5"</NameInternalCalib>
         <Center>5.056810863134183 -0.271923259636784 2.10526212000361</Center>
         <RotMatrix>
            <AxeI>-0.166536987037482 0.066428127780155 0.983795067983216</AxeI>
            <AxeJ>0.082185716642868 0.995191535326879 -0.053285232416003</AxeJ>
            <AxeK>-0.982604162380954 0.071979940631767 -0.1711956431054</AxeK>
         </RotMatrix>
         <EQ>0.643711679477699 -0.04864956510864 -0.763695647079018 -0.006119816279976</EQ> <!--EigenQuaternion, for information-->
         <WPK>-157.195472518380797 -79.297335868821861 -153.733740081151041</WPK> <!--Omega Phi Kapa in degree, for information-->
         <YPR>158.25397515198631 -79.671209630561492 -162.711066862999076</YPR> <!--Yaw Pitch Roll in degree, for information-->
      </CameraPose>
   </Data>
</Root>
