<?xml version="1.0" ?>
<SetOfMesureAppuisFlottants>
     <MesureAppuiFlottant1Im>
          <NameIm>IMGP4170.JPG</NameIm>
          <OneMesureAF1I>
               <NamePt>I-of-I</NamePt>
               <PtIm>452.278142467572422 808.192805895297056</PtIm>
          </OneMesureAF1I>
          <OneMesureAF1I>
               <NamePt>u-of-You</NamePt>
               <PtIm>521.272784862528056 1015.52756464228401</PtIm>
          </OneMesureAF1I>
          <OneMesureAF1I>
               <NamePt>Acute</NamePt>
               <PtIm>458.441997415626133 1100.83130652515365</PtIm>
          </OneMesureAF1I>
          <OneMesureAF1I>
               <NamePt>Finger-1</NamePt>
               <PtIm>344.785721369910448 1112.92280566175327</PtIm>
          </OneMesureAF1I>
     </MesureAppuiFlottant1Im>
     <MesureAppuiFlottant1Im>
          <NameIm>IMGP4168.JPG</NameIm>
          <OneMesureAF1I>
               <NamePt>I-of-I</NamePt>
               <PtIm>430.52658272147653 227.090326619720145</PtIm>
          </OneMesureAF1I>
          <OneMesureAF1I>
               <NamePt>u-of-You</NamePt>
               <PtIm>495.717626755149013 454.825546116027397</PtIm>
          </OneMesureAF1I>
          <OneMesureAF1I>
               <NamePt>Acute</NamePt>
               <PtIm>431.735281413390453 510.222991095907105</PtIm>
          </OneMesureAF1I>
          <OneMesureAF1I>
               <NamePt>Finger-1</NamePt>
               <PtIm>316.373353330086218 471.678176822389275</PtIm>
          </OneMesureAF1I>
          <OneMesureAF1I>
               <NamePt>Stone-6</NamePt>
               <PtIm>667.402028214032839 479.731591690534685</PtIm>
          </OneMesureAF1I>
          <OneMesureAF1I>
               <NamePt>Stone-7</NamePt>
               <PtIm>1284.05120739189965 981.021140912616147</PtIm>
          </OneMesureAF1I>
          <OneMesureAF1I>
               <NamePt>Grille</NamePt>
               <PtIm>362.602015084684353 1078.96450589692108</PtIm>
          </OneMesureAF1I>
     </MesureAppuiFlottant1Im>
     <MesureAppuiFlottant1Im>
          <NameIm>IMGP4169.JPG</NameIm>
          <OneMesureAF1I>
               <NamePt>I-of-I</NamePt>
               <PtIm>475.161154787777321 516.404520623212079</PtIm>
          </OneMesureAF1I>
          <OneMesureAF1I>
               <NamePt>u-of-You</NamePt>
               <PtIm>538.999416573275425 732.995393503311675</PtIm>
          </OneMesureAF1I>
          <OneMesureAF1I>
               <NamePt>Acute</NamePt>
               <PtIm>475.850364860953221 802.548038024082189</PtIm>
          </OneMesureAF1I>
          <OneMesureAF1I>
               <NamePt>Finger-1</NamePt>
               <PtIm>362.721106696891582 789.307120972098687</PtIm>
          </OneMesureAF1I>
          <OneMesureAF1I>
               <NamePt>Stone-6</NamePt>
               <PtIm>706.139274179003905 741.525951210447488</PtIm>
          </OneMesureAF1I>
     </MesureAppuiFlottant1Im>
     <MesureAppuiFlottant1Im>
          <NameIm>IMGP4167.JPG</NameIm>
          <OneMesureAF1I>
               <NamePt>Stone-6</NamePt>
               <PtIm>644.286307996218966 232.6833164507199</PtIm>
          </OneMesureAF1I>
          <OneMesureAF1I>
               <NamePt>Stone-7</NamePt>
               <PtIm>1265.36807144116688 735.26882940476105</PtIm>
          </OneMesureAF1I>
          <OneMesureAF1I>
               <NamePt>Grille</NamePt>
               <PtIm>322.076097286495724 766.811866179541425</PtIm>
          </OneMesureAF1I>
     </MesureAppuiFlottant1Im>
</SetOfMesureAppuisFlottants>
